{
  "min": 376161.0,
  "max": 1552856.0,
  "mean": 1197853.63671875,
  "median": 1198360.5,
  "var": 5295730723.521017,
  "std": 72771.77147439121
}