{
  "min": 85407.0,
  "max": 795922.0,
  "mean": 93291.7998046875,
  "median": 87996.5,
  "var": 1699642424.9814272,
  "std": 41226.71979410231
}