{
  "min": 169263.0,
  "max": 3180372.0,
  "mean": 733837.0498046875,
  "median": 709186.0,
  "var": 49952098002.20821,
  "std": 223499.65995993867
}