{
  "min": 246150.0,
  "max": 2844229.0,
  "mean": 947240.501953125,
  "median": 940063.0,
  "var": 26795538614.430107,
  "std": 163693.42874541454
}