{
  "min": 435901.0,
  "max": 1493605.0,
  "mean": 1232833.8408203125,
  "median": 1235791.5,
  "var": 5144783629.118279,
  "std": 71727.14708615058
}