{
  "min": 2690186432.0,
  "max": 2712041773.0,
  "mean": 2696074901.4140625,
  "median": 2695239748.0,
  "var": 26166855072556.906,
  "std": 5115354.833494633
}