{
  "min": 190049760.0,
  "max": 205070067.0,
  "mean": 190271397.9921875,
  "median": 190148088.0,
  "var": 1757103535861.63,
  "std": 1325557.8206406652
}