{
  "min": 129503.0,
  "max": 558330.0,
  "mean": 395407.1611328125,
  "median": 396065.0,
  "var": 782742698.3978494,
  "std": 27977.53917695138
}