{
  "min": 401455341.0,
  "max": 421489960.0,
  "mean": 403928071.4921875,
  "median": 403596260.5,
  "var": 4580585406907.48,
  "std": 2140230.2228749786
}