{
  "min": 796498.0,
  "max": 4269667.0,
  "mean": 2383332.52734375,
  "median": 2342428.0,
  "var": 72339816304.34995,
  "std": 268960.62221884815
}