{
  "min": 2233656475.0,
  "max": 2257502287.0,
  "mean": 2236220897.1015625,
  "median": 2234795601.5,
  "var": 21856857974219.434,
  "std": 4675131.8670406975
}