{
  "min": 2233619464.0,
  "max": 2256158573.0,
  "mean": 2236213205.234375,
  "median": 2234751051.5,
  "var": 23140917848446.746,
  "std": 4810500.789777167
}