{
  "min": 3716871.0,
  "max": 8667572.0,
  "mean": 4691341.3359375,
  "median": 4135857.0,
  "var": 1523246658014.8267,
  "std": 1234198.7919354106
}