{
  "min": 406197403.0,
  "max": 427932401.0,
  "mean": 406951932.2109375,
  "median": 406620926.0,
  "var": 6128309734075.079,
  "std": 2475542.311105807
}