{
  "min": 11932222834.0,
  "max": 11973794085.0,
  "mean": 11950410741.507812,
  "median": 11949799149.5,
  "var": 99406062730892.19,
  "std": 9970258.90992266
}