{
    "mean": {
        "confidence_interval": {
            "confidence_level": 0.95,
            "lower_bound": 0.016866241613039245,
            "upper_bound": 0.021206069923826842
        },
        "point_estimate": 0.018831504885119976,
        "standard_error": 0.0011505751021025686
    },
    "median": {
        "confidence_interval": {
            "confidence_level": 0.95,
            "lower_bound": 0.017182123055493537,
            "upper_bound": 0.018976133570439924
        },
        "point_estimate": 0.01802022315226659,
        "standard_error": 0.00048602146652380554
    }
}