{
  "min": 400968.0,
  "max": 1405311.0,
  "mean": 1195559.3544921875,
  "median": 1194444.0,
  "var": 4637996427.154448,
  "std": 68102.83714467737
}