{
  "min": 30558428045.0,
  "max": 34025786625.0,
  "mean": 30638450956.003906,
  "median": 30594756628.0,
  "var": 1.2258566034535994e17,
  "std": 350122350.536723
}