{"mean":{"confidence_interval":{"confidence_level":0.95,"lower_bound":-0.001222684564639906,"upper_bound":0.005861862913354632},"point_estimate":0.0024465792955024046,"standard_error":0.0017421391924092252},"median":{"confidence_interval":{"confidence_level":0.95,"lower_bound":0.002062414722442618,"upper_bound":0.002466602091714787},"point_estimate":0.002237498691731288,"standard_error":0.00009708750098034792}}