{
  "min": 130104.0,
  "max": 635197.0,
  "mean": 390114.306640625,
  "median": 392573.0,
  "var": 533023669.90029323,
  "std": 23087.30538413466
}