{
  "min": 128648.0,
  "max": 569070.0,
  "mean": 395122.943359375,
  "median": 388317.5,
  "var": 857130114.9736071,
  "std": 29276.78457367897
}