{
  "min": 194206652.0,
  "max": 214648614.0,
  "mean": 194803686.3828125,
  "median": 194618563.0,
  "var": 2359526678869.0713,
  "std": 1536075.0889422924
}