{
  "min": 168116.0,
  "max": 575082.0,
  "mean": 179159.0595703125,
  "median": 171426.5,
  "var": 1263131880.914956,
  "std": 35540.566693779045
}