{
  "min": 2519351519.0,
  "max": 2560555687.0,
  "mean": 2531142775.3203125,
  "median": 2530323187.0,
  "var": 55871830042487.74,
  "std": 7474746.152377868
}