{
  "min": 491567131.0,
  "max": 511722321.0,
  "mean": 492531979.56933594,
  "median": 491997822.5,
  "var": 6610264101776.485,
  "std": 2571043.3877662364
}