{
  "min": 395828365.0,
  "max": 415798301.0,
  "mean": 396593242.9824219,
  "median": 396323486.5,
  "var": 4292297908999.048,
  "std": 2071786.1639172726
}