{
  "min": 182154.0,
  "max": 577611.0,
  "mean": 193113.759765625,
  "median": 186942.0,
  "var": 964538511.2121212,
  "std": 31057.020320889143
}