{
  "min": 1344236199.0,
  "max": 1366219528.0,
  "mean": 1346584393.071289,
  "median": 1345507826.5,
  "var": 15509206927806.96,
  "std": 3938173.044421355
}