{
  "min": 21413.0,
  "max": 191884.0,
  "mean": 75066.71875,
  "median": 71652.5,
  "var": 92850999.22580644,
  "std": 9635.922333944294
}