{
  "min": 491355690.0,
  "max": 511863819.0,
  "mean": 492809662.0234375,
  "median": 492302896.0,
  "var": 8571713912126.134,
  "std": 2927748.949641368
}