{
  "min": 569325709.0,
  "max": 579890228.0,
  "mean": 570223968.578125,
  "median": 570126255.5,
  "var": 1304856970204.2205,
  "std": 1142303.3617232423
}