{
  "min": 94395936.0,
  "max": 105174867.0,
  "mean": 96577222.06933594,
  "median": 96280324.5,
  "var": 1516011374186.782,
  "std": 1231264.1366444416
}