{
  "min": 189976975.0,
  "max": 209023990.0,
  "mean": 190163421.4169922,
  "median": 190030024.5,
  "var": 1592123060395.474,
  "std": 1261793.5886647522
}