{
  "min": 7515.0,
  "max": 42280.0,
  "mean": 26465.3212890625,
  "median": 24228.5,
  "var": 31680255.130009774,
  "std": 5628.521575867839
}