{
  "min": 110587.0,
  "max": 774013.0,
  "mean": 118485.091796875,
  "median": 112857.5,
  "var": 1653369910.1505377,
  "std": 40661.651591524635
}