{
  "min": 36956847.0,
  "max": 48695194.0,
  "mean": 37190703.30175781,
  "median": 37153491.5,
  "var": 211069203741.8866,
  "std": 459422.68527129415
}