{
  "min": 5476574.0,
  "max": 8313139.0,
  "mean": 5949128.7685546875,
  "median": 5780246.5,
  "var": 212554070473.74194,
  "std": 461035.8667975215
}