{
  "min": 764290.0,
  "max": 4332293.0,
  "mean": 2780806.095703125,
  "median": 2782469.0,
  "var": 50557625870.95992,
  "std": 224850.2298663711
}