{
  "min": 31916480.0,
  "max": 51175079.0,
  "mean": 36299102.490234375,
  "median": 35995155.0,
  "var": 5382764707268.061,
  "std": 2320078.5993728875
}