{
  "min": 13150.0,
  "max": 175474.0,
  "mean": 46850.6982421875,
  "median": 43613.5,
  "var": 129914700.93646139,
  "std": 11398.013025806797
}