{
  "min": 879442.0,
  "max": 21099489.0,
  "mean": 3257315.6411132812,
  "median": 3328960.5,
  "var": 3436141423731.3525,
  "std": 1853683.2047929205
}