{
  "min": 7683538.0,
  "max": 12291301.0,
  "mean": 9067870.66015625,
  "median": 9181667.0,
  "var": 506108325718.25806,
  "std": 711412.9080346084
}