{
  "min": 2905420909.0,
  "max": 2937208298.0,
  "mean": 2911004635.3916016,
  "median": 2909003683.0,
  "var": 34533224881178.836,
  "std": 5876497.671332716
}