{
  "min": 4966035.0,
  "max": 5002070.0,
  "mean": 4973545.0390625,
  "median": 4969944.0,
  "var": 80342505.17322835,
  "std": 8963.398081823007
}