{
  "min": 8773348.0,
  "max": 14324617.0,
  "mean": 9779950.15625,
  "median": 9598610.0,
  "var": 603678895122.8329,
  "std": 776967.7568103021
}