{
  "min": 551345867.0,
  "max": 566377940.0,
  "mean": 551741782.5195312,
  "median": 551474764.5,
  "var": 2109272968807.609,
  "std": 1452333.6286155495
}