{
  "min": 95354.0,
  "max": 520286.0,
  "mean": 317771.724609375,
  "median": 318310.5,
  "var": 322319301.1593353,
  "std": 17953.253219384373
}