{
  "min": 167705.0,
  "max": 2977100.0,
  "mean": 706970.72265625,
  "median": 706994.0,
  "var": 30966402226.79961,
  "std": 175972.73148644256
}