{
  "min": 126719243.0,
  "max": 143649230.0,
  "mean": 126939612.80957031,
  "median": 126822737.5,
  "var": 1261171959641.476,
  "std": 1123019.1270149748
}