{
  "min": 970219.0,
  "max": 4446274.0,
  "mean": 3263625.0703125,
  "median": 3266718.5,
  "var": 44801849222.0391,
  "std": 211664.4732165488
}