{
  "min": 27461339.0,
  "max": 30377239.0,
  "mean": 28457214.7109375,
  "median": 28491822.0,
  "var": 107382865970.58064,
  "std": 327693.2498093005
}