{
  "min": 123056.0,
  "max": 582688.0,
  "mean": 393921.212890625,
  "median": 386939.0,
  "var": 1151822704.6314762,
  "std": 33938.51358901088
}