{
  "min": 170998.0,
  "max": 9926973.0,
  "mean": 778649.0322265625,
  "median": 724604.0,
  "var": 151003225629.85434,
  "std": 388591.3349906999
}