{
  "min": 1010529.0,
  "max": 4508400.0,
  "mean": 3382962.48828125,
  "median": 3383254.5,
  "var": 52684523829.07527,
  "std": 229531.0955602209
}