{
  "min": 305578122.0,
  "max": 310598364.0,
  "mean": 305762661.5859375,
  "median": 305683908.5,
  "var": 206097834813.62204,
  "std": 453979.9938473303
}