{
  "min": 40070.0,
  "max": 260413.0,
  "mean": 127450.921875,
  "median": 128252.0,
  "var": 108459759.67741935,
  "std": 10414.401551573636
}