{
  "min": 347626243.0,
  "max": 366582280.0,
  "mean": 347956306.734375,
  "median": 347748958.0,
  "var": 2966247446904.2207,
  "std": 1722279.7237685348
}