{
  "min": 400649.0,
  "max": 1624230.0,
  "mean": 1205514.6904296875,
  "median": 1204213.0,
  "var": 5580121697.30303,
  "std": 74700.21216370827
}