{
  "min": 287901905.0,
  "max": 308359203.0,
  "mean": 289135876.5996094,
  "median": 289012401.5,
  "var": 2341186877943.0254,
  "std": 1530093.7480896474
}