{
  "min": 394552.0,
  "max": 2157774.0,
  "mean": 1182237.443359375,
  "median": 1180294.0,
  "var": 6515144280.785924,
  "std": 80716.44368272134
}