{
  "min": 387972.0,
  "max": 1440166.0,
  "mean": 1185440.615234375,
  "median": 1179547.0,
  "var": 4282845905.1749754,
  "std": 65443.4557857008
}