{
  "min": 4523871.0,
  "max": 7320734.0,
  "mean": 5604299.392578125,
  "median": 5591111.0,
  "var": 149481180586.565,
  "std": 386627.96146497864
}