{
  "min": 352312534.0,
  "max": 366710416.0,
  "mean": 352668165.0078125,
  "median": 352509461.0,
  "var": 1706834611230.7322,
  "std": 1306458.805791722
}