{
  "min": 5787861.0,
  "max": 12730179.0,
  "mean": 7814551.7138671875,
  "median": 7387078.0,
  "var": 2570462256831.1426,
  "std": 1603266.1216501591
}