{
  "min": 6108208.0,
  "max": 6168518.0,
  "mean": 6119269.15625,
  "median": 6112514.0,
  "var": 226592262.89763778,
  "std": 15052.98186066926
}