{
  "min": 5022837.0,
  "max": 5075070.0,
  "mean": 5033540.625,
  "median": 5029674.5,
  "var": 106368794.37795275,
  "std": 10313.524828008742
}