{
  "min": 249077.0,
  "max": 1601676.0,
  "mean": 902625.5185546875,
  "median": 924995.5,
  "var": 8056801579.9081135,
  "std": 89759.68794457852
}