{
  "min": 313989057.0,
  "max": 334532000.0,
  "mean": 314824593.9296875,
  "median": 314644138.5,
  "var": 3443033258386.396,
  "std": 1855541.2305810926
}