{
  "min": 128968.0,
  "max": 456532.0,
  "mean": 394240.3701171875,
  "median": 394680.0,
  "var": 713072464.4037145,
  "std": 26703.416717785658
}