{
  "min": 134379.0,
  "max": 511549.0,
  "mean": 382897.4150390625,
  "median": 380877.5,
  "var": 375324034.1935484,
  "std": 19373.281451358424
}