{
  "min": 41370.0,
  "max": 1582822.0,
  "mean": 158628.9853515625,
  "median": 142447.5,
  "var": 19604941862.07625,
  "std": 140017.64839503713
}