{
  "min": 38152.0,
  "max": 279469.0,
  "mean": 129688.13671875,
  "median": 127235.0,
  "var": 394756656.19159335,
  "std": 19868.483993289305
}