{
  "min": 218744.0,
  "max": 2156826.0,
  "mean": 824781.501953125,
  "median": 711409.5,
  "var": 141343690305.21994,
  "std": 375957.0325252873
}