{
  "min": 6107864.0,
  "max": 6593788.0,
  "mean": 6116015.6435546875,
  "median": 6109741.0,
  "var": 800714242.0733138,
  "std": 28296.89456589387
}