{
  "min": 14541285966.0,
  "max": 14985306053.0,
  "mean": 14702615167.842773,
  "median": 14691979586.5,
  "var": 6053251439268550.0,
  "std": 77802644.1663042
}