{
  "min": 156014.0,
  "max": 809506.0,
  "mean": 536370.7724609375,
  "median": 537217.0,
  "var": 1146838124.827957,
  "std": 33864.99852100923
}