{
  "min": 27693808.0,
  "max": 29113858.0,
  "mean": 28423772.28125,
  "median": 28433708.0,
  "var": 112657325703.6063,
  "std": 335644.6420004441
}