{
  "min": 131102.0,
  "max": 512872.0,
  "mean": 391685.1767578125,
  "median": 385002.5,
  "var": 731077045.8494624,
  "std": 27038.43645349084
}