{
  "min": 1104573246.0,
  "max": 1152618699.0,
  "mean": 1129727544.109375,
  "median": 1132684031.5,
  "var": 119915060881155.22,
  "std": 10950573.541196607
}