{
  "min": 952934862.0,
  "max": 997172825.0,
  "mean": 975649210.6640625,
  "median": 977133406.5,
  "var": 74911978801816.45,
  "std": 8655170.639670627
}