{
  "min": 305576906.0,
  "max": 319720888.0,
  "mean": 305910043.6904297,
  "median": 305734214.5,
  "var": 1407169335528.5415,
  "std": 1186241.6851251442
}