{
  "min": 2089057439.0,
  "max": 2113089378.0,
  "mean": 2093752059.7734375,
  "median": 2092569979.5,
  "var": 21232800794792.125,
  "std": 4607906.335288525
}