{
  "min": 11645038.0,
  "max": 17328173.0,
  "mean": 13225357.287109375,
  "median": 13279171.5,
  "var": 1061762063143.0342,
  "std": 1030418.3922771537
}