{
  "min": 867141.0,
  "max": 4246239.0,
  "mean": 2776148.830078125,
  "median": 2781396.5,
  "var": 39259573101.79668,
  "std": 198140.28641797375
}