{
  "min": 7613815443.0,
  "max": 7706338083.0,
  "mean": 7649473013.3046875,
  "median": 7650349022.0,
  "var": 136076362631885.33,
  "std": 11665177.351068664
}