{
  "min": 13200.0,
  "max": 171633.0,
  "mean": 45589.7470703125,
  "median": 43158.0,
  "var": 100870570.55620724,
  "std": 10043.434201318154
}