{
  "min": 13737.0,
  "max": 170128.0,
  "mean": 47841.681640625,
  "median": 44964.5,
  "var": 124262498.6510264,
  "std": 11147.30903182586
}