{
  "min": 1027699.0,
  "max": 4820753.0,
  "mean": 3633858.9833984375,
  "median": 3659348.0,
  "var": 68685839676.04399,
  "std": 262079.834546735
}