{
  "min": 403663274.0,
  "max": 422645277.0,
  "mean": 406140949.8203125,
  "median": 405840783.5,
  "var": 4123428678515.37,
  "std": 2030622.73170458
}