{
  "min": 1879560477.0,
  "max": 1905805328.0,
  "mean": 1884666772.71875,
  "median": 1883596881.5,
  "var": 22572311976157.566,
  "std": 4751032.727329666
}