{
  "min": 2531235265.0,
  "max": 2560319748.0,
  "mean": 2536690080.5029297,
  "median": 2534998968.5,
  "var": 29493410102686.81,
  "std": 5430783.562496927
}