{
  "min": 113548.0,
  "max": 574261.0,
  "mean": 121918.3193359375,
  "median": 116213.0,
  "var": 1182926974.4975562,
  "std": 34393.7054487817
}