{
  "min": 173227349.0,
  "max": 190434612.0,
  "mean": 173473275.515625,
  "median": 173320264.5,
  "var": 2320679331527.8267,
  "std": 1523377.6063497278
}