{
  "min": 275382876.0,
  "max": 281912957.0,
  "mean": 277901209.6015625,
  "median": 277957787.0,
  "var": 1394412996968.7007,
  "std": 1180852.6567564222
}