{
  "min": 1884442242.0,
  "max": 1905396402.0,
  "mean": 1888003890.1328125,
  "median": 1886479882.5,
  "var": 20267746266630.14,
  "std": 4501971.375589825
}