{
  "min": 246568.0,
  "max": 2427540.0,
  "mean": 936721.2080078125,
  "median": 942641.0,
  "var": 22671513410.038124,
  "std": 150570.62598673796
}