{
  "min": 171076.0,
  "max": 3595354.0,
  "mean": 709197.783203125,
  "median": 691169.0,
  "var": 52102877568.0,
  "std": 228260.54755038157
}