{
  "min": 322865588.0,
  "max": 343421691.0,
  "mean": 324006842.3046875,
  "median": 323670200.0,
  "var": 5976578585751.52,
  "std": 2444704.1918709753
}