{
  "min": 27172755.0,
  "max": 27879800.0,
  "mean": 27456257.09375,
  "median": 27453483.5,
  "var": 21712134703.6063,
  "std": 147350.3807379075
}