{
  "min": 1884717975.0,
  "max": 1912164883.0,
  "mean": 1892314971.4140625,
  "median": 1891006990.5,
  "var": 25190246623176.676,
  "std": 5018988.605603391
}