{
  "min": 950263386.0,
  "max": 1066774624.0,
  "mean": 975917438.7421875,
  "median": 977204474.0,
  "var": 105234286979142.84,
  "std": 10258376.429978715
}