{
  "min": 39393.0,
  "max": 273166.0,
  "mean": 140537.650390625,
  "median": 143992.0,
  "var": 183409904.2580645,
  "std": 13542.891281335184
}