{
  "min": 922234.0,
  "max": 1198438.0,
  "mean": 1014769.7314453125,
  "median": 1009523.5,
  "var": 1281681067.9569893,
  "std": 35800.573570223554
}