{
  "min": 126675.0,
  "max": 612429.0,
  "mean": 134969.55078125,
  "median": 129551.5,
  "var": 1094282522.8523948,
  "std": 33079.9413973543
}