{
  "min": 2221852.0,
  "max": 2312836.0,
  "mean": 2246161.9296875,
  "median": 2244379.5,
  "var": 237499713.62204725,
  "std": 15411.025716091945
}