{
  "min": 131365.0,
  "max": 535500.0,
  "mean": 403099.71484375,
  "median": 395496.5,
  "var": 812955978.631476,
  "std": 28512.382899916942
}