{
  "min": 8791944.0,
  "max": 12684112.0,
  "mean": 9288504.5390625,
  "median": 8901182.5,
  "var": 710406525546.2677,
  "std": 842856.1713283398
}