{
  "min": 172110.0,
  "max": 511019.0,
  "mean": 182676.2978515625,
  "median": 176415.0,
  "var": 1048544780.7341154,
  "std": 32381.24118581799
}