{
  "min": 846969.0,
  "max": 6778078.0,
  "mean": 2945397.41796875,
  "median": 2935374.0,
  "var": 62228030570.32649,
  "std": 249455.46811069603
}