{
  "min": 411768.0,
  "max": 1521142.0,
  "mean": 1222757.9453125,
  "median": 1215108.0,
  "var": 5230620923.560118,
  "std": 72323.03176416291
}