{
  "min": 358512.0,
  "max": 1374936.0,
  "mean": 1167587.7861328125,
  "median": 1165218.0,
  "var": 6066271152.15347,
  "std": 77886.27062681504
}