{
  "min": 88595.0,
  "max": 717102.0,
  "mean": 95262.22265625,
  "median": 90958.0,
  "var": 1085851670.0508308,
  "std": 32952.2635042091
}