{
  "min": 26355629.0,
  "max": 26566213.0,
  "mean": 26379360.7734375,
  "median": 26371810.5,
  "var": 943978400.7086614,
  "std": 30724.231490936618
}