{
  "min": 4143732.0,
  "max": 5556122.0,
  "mean": 4317778.859375,
  "median": 4287163.0,
  "var": 14520106378.385141,
  "std": 120499.40405821575
}