{
  "min": 69638.0,
  "max": 370529.0,
  "mean": 237145.14453125,
  "median": 234913.0,
  "var": 373203457.33528835,
  "std": 19318.474508492858
}