{
  "min": 129190.0,
  "max": 516484.0,
  "mean": 392303.4072265625,
  "median": 385835.5,
  "var": 731296955.5933529,
  "std": 27042.502761271062
}