{
  "min": 394236.0,
  "max": 1699322.0,
  "mean": 1200010.837890625,
  "median": 1200374.5,
  "var": 5211855300.525905,
  "std": 72193.18042949698
}