{
  "min": 247121.0,
  "max": 578675.0,
  "mean": 262225.8984375,
  "median": 254421.0,
  "var": 1276627207.3587487,
  "std": 35729.92033798492
}