{
  "min": 401024828.0,
  "max": 423300390.0,
  "mean": 403487270.0488281,
  "median": 403158636.0,
  "var": 5354047525894.899,
  "std": 2313881.4848420606
}