{
  "min": 783433.0,
  "max": 4196667.0,
  "mean": 2663878.6513671875,
  "median": 2634929.5,
  "var": 53137297321.60313,
  "std": 230515.2865247837
}