{
  "min": 85403.0,
  "max": 462343.0,
  "mean": 95027.8359375,
  "median": 89773.5,
  "var": 920415105.1026393,
  "std": 30338.343809487018
}