{
  "min": 37015485.0,
  "max": 38355760.0,
  "mean": 37613700.671875,
  "median": 37606934.5,
  "var": 109027169672.09448,
  "std": 330192.62510252174
}