{
  "min": 30802978844.0,
  "max": 34208479933.0,
  "mean": 30912522521.70215,
  "median": 30862237770.5,
  "var": 1.337952238836612e17,
  "std": 365780294.5535218
}