{
  "min": 2465958246.0,
  "max": 2504123430.0,
  "mean": 2477876042.8671875,
  "median": 2476652526.5,
  "var": 50222422966782.96,
  "std": 7086778.038487093
}