{
  "min": 881601061.0,
  "max": 908922970.0,
  "mean": 886961470.2568359,
  "median": 886158885.0,
  "var": 15370321978263.031,
  "std": 3920500.220413593
}