{
  "min": 376570096.0,
  "max": 399174817.0,
  "mean": 377565947.2890625,
  "median": 377146506.5,
  "var": 5034187007312.142,
  "std": 2243699.402173148
}