{
  "min": 426695.0,
  "max": 1408396.0,
  "mean": 1197918.103515625,
  "median": 1192652.5,
  "var": 4678381102.353861,
  "std": 68398.69225616715
}