{
  "min": 131343.0,
  "max": 512488.0,
  "mean": 397066.75,
  "median": 391902.5,
  "var": 558725136.6783968,
  "std": 23637.36738045074
}