{
  "min": 401001402.0,
  "max": 418404963.0,
  "mean": 402088083.265625,
  "median": 401775467.0,
  "var": 5027719237708.11,
  "std": 2242257.620726956
}