{
  "min": 16520161.0,
  "max": 23357548.0,
  "mean": 17961037.719726562,
  "median": 17738014.0,
  "var": 1323977779085.1877,
  "std": 1150642.3332579015
}