{
  "min": 1009764.0,
  "max": 4307193.0,
  "mean": 1546020.4140625,
  "median": 1083665.5,
  "var": 821586000373.2284,
  "std": 906413.8129867773
}