{
  "min": 122622341.0,
  "max": 132198567.0,
  "mean": 123361283.91992188,
  "median": 123355676.5,
  "var": 139901390001.2297,
  "std": 374033.94231169677
}