{
  "min": 367949.0,
  "max": 1376087.0,
  "mean": 1177809.796875,
  "median": 1180343.5,
  "var": 6632036928.586511,
  "std": 81437.3190164467
}