{
  "min": 407731.0,
  "max": 1403364.0,
  "mean": 1179454.8232421875,
  "median": 1181022.5,
  "var": 4055933014.443793,
  "std": 63686.207411368065
}