{
  "min": 616786.0,
  "max": 4423785.0,
  "mean": 1951707.796875,
  "median": 1888119.5,
  "var": 176638407152.70578,
  "std": 420283.7222076365
}