{
  "min": 108076.0,
  "max": 718454.0,
  "mean": 115421.9140625,
  "median": 110536.5,
  "var": 1427614559.9628544,
  "std": 37783.786998696334
}