{
  "min": 173208038.0,
  "max": 188040027.0,
  "mean": 173446779.90527344,
  "median": 173362428.0,
  "var": 869571896917.0822,
  "std": 932508.3897301311
}