{
  "min": 40615.0,
  "max": 279363.0,
  "mean": 137372.0810546875,
  "median": 132900.5,
  "var": 326132593.8338221,
  "std": 18059.141558607433
}