{
  "min": 41343.0,
  "max": 273832.0,
  "mean": 142707.494140625,
  "median": 140448.0,
  "var": 210136449.62658846,
  "std": 14496.08394107141
}