{
  "min": 2495931437.0,
  "max": 2524565987.0,
  "mean": 2505868497.296875,
  "median": 2504395805.5,
  "var": 32037229493808.133,
  "std": 5660143.946385828
}