{
  "min": 66776.0,
  "max": 358150.0,
  "mean": 221386.4541015625,
  "median": 220987.0,
  "var": 203029429.6627566,
  "std": 14248.839590042293
}