{
  "min": 2911943159.0,
  "max": 2946700046.0,
  "mean": 2923223529.3671875,
  "median": 2922160162.0,
  "var": 45242055112608.38,
  "std": 6726221.45878415
}