{
  "min": 85962.0,
  "max": 802122.0,
  "mean": 93762.13671875,
  "median": 88211.0,
  "var": 1970289120.8328445,
  "std": 44387.938911745434
}