{
  "min": 2464528484.0,
  "max": 2503894887.0,
  "mean": 2475236388.1972656,
  "median": 2474255971.0,
  "var": 41906400419314.81,
  "std": 6473515.306177534
}