{
  "min": 37037542.0,
  "max": 37458753.0,
  "mean": 37220635.1953125,
  "median": 37212876.0,
  "var": 7208950570.574803,
  "std": 84905.53910419981
}