{
  "min": 302721758.0,
  "max": 314951774.0,
  "mean": 303216519.0390625,
  "median": 303052630.0,
  "var": 1999268813650.8896,
  "std": 1413955.0253282066
}