{
  "min": 4849242437.0,
  "max": 4919682616.0,
  "mean": 4857700996.120117,
  "median": 4854365542.5,
  "var": 70544669375841.97,
  "std": 8399087.413275443
}