{
  "min": 8548473.0,
  "max": 12120466.0,
  "mean": 9101159.32421875,
  "median": 8924905.5,
  "var": 248481067660.0606,
  "std": 498478.75346905267
}