{
  "min": 2347805208.0,
  "max": 2387276496.0,
  "mean": 2352982553.8320312,
  "median": 2351481563.5,
  "var": 29493477238104.176,
  "std": 5430789.743499943
}