{
  "min": 66943.0,
  "max": 357609.0,
  "mean": 227892.30078125,
  "median": 227695.5,
  "var": 222807770.64907137,
  "std": 14926.746820693093
}