{
  "min": 70780.0,
  "max": 415011.0,
  "mean": 244142.7578125,
  "median": 239765.0,
  "var": 646597609.3255132,
  "std": 25428.28364883311
}