{
  "min": 1883786559.0,
  "max": 1905687766.0,
  "mean": 1886212779.3105469,
  "median": 1885179522.0,
  "var": 17236303465334.127,
  "std": 4151662.7350176373
}