{
  "min": 89645497.0,
  "max": 107977621.0,
  "mean": 89902273.34765625,
  "median": 89822331.5,
  "var": 1288336411395.0283,
  "std": 1135049.078848588
}