{
  "min": 564915910.0,
  "max": 582623340.0,
  "mean": 565614852.6328125,
  "median": 565217002.5,
  "var": 5394073213402.347,
  "std": 2322514.4161882713
}