{
  "min": 2982303310.0,
  "max": 3014566225.0,
  "mean": 2987456373.041992,
  "median": 2985176017.0,
  "var": 35879586446096.69,
  "std": 5989957.13224199
}