{
  "min": 4003818.0,
  "max": 4486740.0,
  "mean": 4109652.6767578125,
  "median": 4101411.5,
  "var": 3017983623.1280546,
  "std": 54936.177725867085
}