{
  "min": 4952762031.0,
  "max": 5020696635.0,
  "mean": 4965475475.774414,
  "median": 4962356373.5,
  "var": 87003867033896.19,
  "std": 9327586.345561009
}