{
  "min": 452670694.0,
  "max": 473091155.0,
  "mean": 453490281.8671875,
  "median": 453115185.0,
  "var": 4649886256363.721,
  "std": 2156359.491449355
}