{
  "min": 2420842.0,
  "max": 5081927.0,
  "mean": 2607189.146484375,
  "median": 2580380.5,
  "var": 21763082396.961876,
  "std": 147523.15884959174
}