{
  "min": 174153173.0,
  "max": 182324977.0,
  "mean": 174406377.1796875,
  "median": 174342751.0,
  "var": 512040248953.5827,
  "std": 715569.8770585461
}