{
  "min": 420270.0,
  "max": 1412224.0,
  "mean": 1190323.70703125,
  "median": 1189972.0,
  "var": 4703480555.196481,
  "std": 68581.92586386358
}