{
  "min": 404271.0,
  "max": 1411427.0,
  "mean": 1204630.060546875,
  "median": 1204384.0,
  "var": 5221916198.129032,
  "std": 72262.82722208585
}