{
  "min": 13242854170.0,
  "max": 13276683249.0,
  "mean": 13257226054.421875,
  "median": 13257255159.0,
  "var": 70546477188286.25,
  "std": 8399195.03216149
}