{
  "min": 739365.0,
  "max": 3913117.0,
  "mean": 2702731.70703125,
  "median": 2713527.5,
  "var": 62533763015.331375,
  "std": 250067.5169135955
}