{
  "min": 387024.0,
  "max": 1994552.0,
  "mean": 1188705.759765625,
  "median": 1186052.0,
  "var": 4621863625.151515,
  "std": 67984.28954656741
}