{
  "min": 555181507.0,
  "max": 572029899.0,
  "mean": 556395224.0546875,
  "median": 556147815.5,
  "var": 2890609621440.945,
  "std": 1700179.2909693215
}