{
  "min": 2981287519.0,
  "max": 3008308703.0,
  "mean": 2990084873.8359375,
  "median": 2989461241.5,
  "var": 41355809272402.914,
  "std": 6430848.254499784
}