{
  "min": 48692642.0,
  "max": 67723237.0,
  "mean": 52588002.28515625,
  "median": 51871633.5,
  "var": 7385522097556.496,
  "std": 2717631.707490273
}