{
  "min": 2855682368.0,
  "max": 2936374396.0,
  "mean": 2868091234.5234375,
  "median": 2866478505.0,
  "var": 98182139658912.1,
  "std": 9908690.10812792
}