{
  "min": 247827.0,
  "max": 3038586.0,
  "mean": 1013461.1748046875,
  "median": 991201.0,
  "var": 43300970724.100685,
  "std": 208088.8529549353
}