{
  "min": 191061.0,
  "max": 3131809.0,
  "mean": 730979.103515625,
  "median": 708959.5,
  "var": 61731868047.255135,
  "std": 248458.9866502219
}