{
  "min": 1751397.0,
  "max": 6842789.0,
  "mean": 5662027.0791015625,
  "median": 5668484.5,
  "var": 76637197594.80548,
  "std": 276834.2420922771
}