{
  "min": 2089707933.0,
  "max": 2116524930.0,
  "mean": 2094582716.5126953,
  "median": 2093474016.5,
  "var": 20789713531146.848,
  "std": 4559573.83218507
}