{
  "min": 3570356689.0,
  "max": 3602198447.0,
  "mean": 3580644954.3671875,
  "median": 3581568531.5,
  "var": 52158151113271.266,
  "std": 7222060.032516433
}