{
  "min": 177743166.0,
  "max": 185538785.0,
  "mean": 178143535.890625,
  "median": 178080205.5,
  "var": 463613689143.07086,
  "std": 680891.8336586736
}