{
  "min": 137316.0,
  "max": 577398.0,
  "mean": 145458.2294921875,
  "median": 140329.5,
  "var": 1023429205.7536657,
  "std": 31991.080096702983
}