{
  "min": 143506.0,
  "max": 1964910.0,
  "mean": 589848.8671875,
  "median": 477447.5,
  "var": 143157243845.392,
  "std": 378361.26102627366
}