{"mean":{"confidence_interval":{"confidence_level":0.95,"lower_bound":-0.030586626523857536,"upper_bound":-0.025926402927582252},"point_estimate":-0.02798214240306951,"standard_error":0.0011924864564461914},"median":{"confidence_interval":{"confidence_level":0.95,"lower_bound":-0.027920302961876087,"upper_bound":-0.02571730638560199},"point_estimate":-0.02688861650310792,"standard_error":0.0006227196200478268}}