{
  "min": 347459953.0,
  "max": 364736936.0,
  "mean": 347734664.2685547,
  "median": 347546249.0,
  "var": 1761422926654.8728,
  "std": 1327186.0934529388
}