{
  "min": 23066.0,
  "max": 215539.0,
  "mean": 79804.544921875,
  "median": 75976.5,
  "var": 191943871.47800586,
  "std": 13854.38094892752
}