{
  "min": 31280240.0,
  "max": 32215054.0,
  "mean": 31634511.611328125,
  "median": 31626056.0,
  "var": 21930780578.60215,
  "std": 148090.4472901684
}