{
  "min": 241550.0,
  "max": 3704946.0,
  "mean": 926046.7587890625,
  "median": 931988.0,
  "var": 16589828605.731182,
  "std": 128801.50855378667
}