{
  "min": 1217744.0,
  "max": 1273715.0,
  "mean": 1228417.625,
  "median": 1225542.5,
  "var": 168492693.85826772,
  "std": 12980.473560632052
}