{
  "min": 289464108.0,
  "max": 313134036.0,
  "mean": 291821324.953125,
  "median": 291591579.5,
  "var": 2430558511611.8486,
  "std": 1559024.859202652
}