{
  "min": 43562.0,
  "max": 1567088.0,
  "mean": 161056.0400390625,
  "median": 144119.5,
  "var": 24236582144.207233,
  "std": 155681.0269243084
}