{
  "min": 8315186.0,
  "max": 8736987.0,
  "mean": 8617596.4140625,
  "median": 8706752.5,
  "var": 22069990377.968502,
  "std": 148559.71990404566
}