{
  "min": 126382795.0,
  "max": 144565533.0,
  "mean": 127352600.43847656,
  "median": 127302767.0,
  "var": 519344724291.7761,
  "std": 720655.7599102196
}