{
  "min": 801485.0,
  "max": 4177411.0,
  "mean": 2866525.8349609375,
  "median": 2871447.0,
  "var": 45826156385.18964,
  "std": 214070.44724853928
}