{
  "min": 386959.0,
  "max": 1394617.0,
  "mean": 1210510.849609375,
  "median": 1212479.5,
  "var": 4332632889.44868,
  "std": 65822.73839220517
}