{
  "min": 390132.0,
  "max": 1642560.0,
  "mean": 1171837.7822265625,
  "median": 1167719.0,
  "var": 4953374609.83089,
  "std": 70380.21461910222
}