{
  "min": 390280.0,
  "max": 1436729.0,
  "mean": 1189271.3984375,
  "median": 1185094.0,
  "var": 6571984968.044966,
  "std": 81067.7800858329
}