{
  "min": 396828805.0,
  "max": 413923393.0,
  "mean": 397342624.9296875,
  "median": 396997673.0,
  "var": 4845957227610.591,
  "std": 2201353.499011595
}