{
  "min": 446068.0,
  "max": 663547.0,
  "mean": 468328.81640625,
  "median": 462093.5,
  "var": 993630232.9247311,
  "std": 31521.900845677614
}