{
  "min": 552748417.0,
  "max": 574439065.0,
  "mean": 554431246.4746094,
  "median": 553993201.0,
  "var": 7284473308083.805,
  "std": 2698976.344483924
}