{
  "min": 9561364281.0,
  "max": 9675141977.0,
  "mean": 9583822334.618164,
  "median": 9581725571.5,
  "var": 119980790949185.97,
  "std": 10953574.345809955
}