{
  "min": 58734.0,
  "max": 1679446.0,
  "mean": 224709.8583984375,
  "median": 199022.0,
  "var": 34629047657.24829,
  "std": 186088.81658296473
}