{"mean":{"confidence_interval":{"confidence_level":0.95,"lower_bound":637.8623788593932,"upper_bound":638.9469910967831},"point_estimate":638.3172947660354,"standard_error":0.28046632402041155},"median":{"confidence_interval":{"confidence_level":0.95,"lower_bound":637.6689047310434,"upper_bound":638.1666000193047},"point_estimate":637.8516075329102,"standard_error":0.11595199271800405},"median_abs_dev":{"confidence_interval":{"confidence_level":0.95,"lower_bound":0.7906569457095712,"upper_bound":1.4561938763294136},"point_estimate":1.0487834394215272,"standard_error":0.1648533861148711},"slope":{"confidence_interval":{"confidence_level":0.95,"lower_bound":638.009362916637,"upper_bound":638.6476850511232},"point_estimate":638.3219938129466,"standard_error":0.16262917993132675},"std_dev":{"confidence_interval":{"confidence_level":0.95,"lower_bound":1.2191889560182498,"upper_bound":4.443085936448728},"point_estimate":2.823969843006208,"standard_error":1.0223750296189644}}