{
  "min": 295592550.0,
  "max": 310454956.0,
  "mean": 298287457.2734375,
  "median": 297019466.0,
  "var": 10769525652518.354,
  "std": 3281695.545372598
}