{
  "min": 4528408.0,
  "max": 6605080.0,
  "mean": 4868503.7646484375,
  "median": 4784581.5,
  "var": 73910208944.33823,
  "std": 271864.32083732175
}