{
  "min": 401689743.0,
  "max": 420933765.0,
  "mean": 402051746.2207031,
  "median": 401834936.0,
  "var": 2195394192630.1838,
  "std": 1481686.266599709
}