{
  "min": 1303639613.0,
  "max": 1328102056.0,
  "mean": 1305954856.7597656,
  "median": 1304718007.5,
  "var": 18668645668058.96,
  "std": 4320722.817777016
}