{
  "min": 3534353219.0,
  "max": 3554957143.0,
  "mean": 3537371316.40625,
  "median": 3535159054.0,
  "var": 28528873983500.992,
  "std": 5341242.73774381
}