{
  "min": 375488.0,
  "max": 711365.0,
  "mean": 406970.091796875,
  "median": 399995.0,
  "var": 896708142.8269795,
  "std": 29945.085453659663
}