{
  "min": 54671634.0,
  "max": 65230175.0,
  "mean": 56676976.61328125,
  "median": 56318025.5,
  "var": 1972005355166.8093,
  "std": 1404281.0812536106
}