{
  "min": 366188156.0,
  "max": 389358607.0,
  "mean": 367744413.421875,
  "median": 367519401.5,
  "var": 6502379685347.575,
  "std": 2549976.408782555
}