{
  "min": 40959.0,
  "max": 171671.0,
  "mean": 142500.115234375,
  "median": 144178.0,
  "var": 96421071.12805474,
  "std": 9819.423156583829
}