{
  "min": 865563.0,
  "max": 1545244.0,
  "mean": 901017.34375,
  "median": 877732.5,
  "var": 4210263682.2267838,
  "std": 64886.544693231925
}