{
  "min": 46234.0,
  "max": 291785.0,
  "mean": 160765.53125,
  "median": 160221.0,
  "var": 241903205.7771261,
  "std": 15553.237790798612
}