{
  "min": 270360632.0,
  "max": 400603808.0,
  "mean": 319586115.8183594,
  "median": 273188235.0,
  "var": 5769912305874824.0,
  "std": 75959938.82221617
}