{
  "min": 875668.0,
  "max": 4356218.0,
  "mean": 2975685.712890625,
  "median": 2972104.5,
  "var": 52599074234.14858,
  "std": 229344.88054924746
}