{
  "min": 1376764.0,
  "max": 7462952.0,
  "mean": 4327092.5986328125,
  "median": 4316131.5,
  "var": 109505363810.6432,
  "std": 330915.9467457608
}