{
  "min": 2022944.0,
  "max": 2089951.0,
  "mean": 2039915.2421875,
  "median": 2038387.5,
  "var": 229405938.36220473,
  "std": 15146.15259272812
}