{
  "min": 94266.0,
  "max": 467604.0,
  "mean": 316927.265625,
  "median": 314735.0,
  "var": 746127821.7419355,
  "std": 27315.340410508077
}