{
  "min": 214559.0,
  "max": 2184304.0,
  "mean": 843045.884765625,
  "median": 709700.0,
  "var": 164460135711.87488,
  "std": 405536.84877193946
}