{
  "min": 7742736023.0,
  "max": 7868081017.0,
  "mean": 7785466630.259766,
  "median": 7781556892.0,
  "var": 313907198230854.25,
  "std": 17717426.399758354
}