{
  "min": 3055093.0,
  "max": 7505463.0,
  "mean": 3936594.4501953125,
  "median": 3776128.0,
  "var": 246451607953.94678,
  "std": 496438.926710977
}