{
  "min": 297433952.0,
  "max": 327300491.0,
  "mean": 307331411.4814453,
  "median": 308888578.5,
  "var": 16374501310061.594,
  "std": 4046541.8952559475
}