{
  "min": 106391.0,
  "max": 894481.0,
  "mean": 116006.876953125,
  "median": 109311.5,
  "var": 2470193155.1867056,
  "std": 49701.03776770366
}