{
  "min": 2451066892.0,
  "max": 2486794446.0,
  "mean": 2459754111.6376953,
  "median": 2459080085.0,
  "var": 39803864347649.23,
  "std": 6309030.380942006
}