{"mean":{"confidence_interval":{"confidence_level":0.95,"lower_bound":-0.00590389692929019,"upper_bound":0.0028668755663322047},"point_estimate":-0.00046310561644802295,"standard_error":0.002367580061438316},"median":{"confidence_interval":{"confidence_level":0.95,"lower_bound":0.0023114645425390545,"upper_bound":0.003177155542647192},"point_estimate":0.0025643575909146676,"standard_error":0.0002032101485877881}}