{"mean":{"confidence_interval":{"confidence_level":0.95,"lower_bound":-0.010180947560622385,"upper_bound":-0.0004061627595727241},"point_estimate":-0.0040860112825905626,"standard_error":0.0027322560215001014},"median":{"confidence_interval":{"confidence_level":0.95,"lower_bound":-0.0015244422223676946,"upper_bound":-0.00041095345106356707},"point_estimate":-0.0009095865079307153,"standard_error":0.0002812442720679902}}