{
  "min": 315217035.0,
  "max": 334764028.0,
  "mean": 315942901.1171875,
  "median": 315738728.5,
  "var": 3287734910711.4175,
  "std": 1813211.2151405355
}