{
  "min": 315464580.0,
  "max": 334976836.0,
  "mean": 316206277.2949219,
  "median": 316067468.5,
  "var": 1779538722516.8113,
  "std": 1333993.5241659952
}