{
  "min": 25593906.0,
  "max": 37672439.0,
  "mean": 25687883.10546875,
  "median": 25669469.5,
  "var": 150585890782.49463,
  "std": 388053.9792122929
}