{
  "min": 74271305.0,
  "max": 74694001.0,
  "mean": 74361295.4765625,
  "median": 74332059.5,
  "var": 7188044955.086615,
  "std": 84782.33869790698
}