{
  "min": 32401075.0,
  "max": 43488788.0,
  "mean": 32525360.979492188,
  "median": 32500869.0,
  "var": 173216588085.22287,
  "std": 416192.96976909984
}