{
  "min": 395508.0,
  "max": 1367497.0,
  "mean": 1187676.5576171875,
  "median": 1191971.5,
  "var": 6737174627.1808405,
  "std": 82080.29378103395
}