{
  "min": 1012240.0,
  "max": 1090443.0,
  "mean": 1026116.578125,
  "median": 1033103.0,
  "var": 275938840.2992126,
  "std": 16611.40693316531
}