{
  "min": 411814.0,
  "max": 656098.0,
  "mean": 438058.453125,
  "median": 430748.5,
  "var": 1141863986.521994,
  "std": 33791.47801623945
}