{
  "min": 568620657.0,
  "max": 587751456.0,
  "mean": 569560653.9609375,
  "median": 569178783.0,
  "var": 5159062163893.095,
  "std": 2271356.899276971
}