{
  "min": 1436026.0,
  "max": 1811238.0,
  "mean": 1537866.751953125,
  "median": 1529722.0,
  "var": 2088895136.9775171,
  "std": 45704.432355927114
}