{
  "min": 180095.0,
  "max": 503162.0,
  "mean": 190668.734375,
  "median": 183461.0,
  "var": 1164777394.6138806,
  "std": 34128.83523670095
}