{
  "min": 125316183.0,
  "max": 126618722.0,
  "mean": 125848565.203125,
  "median": 125858756.5,
  "var": 67865489005.03937,
  "std": 260510.05547778643
}