{
  "min": 279242859.0,
  "max": 301212282.0,
  "mean": 280674841.95410156,
  "median": 280476374.5,
  "var": 2234247182580.9365,
  "std": 1494739.8377580417
}