{
  "min": 380083.0,
  "max": 601777.0,
  "mean": 424868.9111328125,
  "median": 418683.5,
  "var": 759902392.5474095,
  "std": 27566.327150119392
}