{
  "min": 570851504.0,
  "max": 590521957.0,
  "mean": 572129780.0703125,
  "median": 571609267.5,
  "var": 9711858877544.0,
  "std": 3116385.546998959
}