{
  "min": 443379.0,
  "max": 654445.0,
  "mean": 466499.443359375,
  "median": 461802.5,
  "var": 784122462.5845553,
  "std": 28002.1867464767
}