{
  "min": 59074.0,
  "max": 1672875.0,
  "mean": 224516.7314453125,
  "median": 195804.0,
  "var": 37064066080.89247,
  "std": 192520.30043840175
}