{
  "min": 42767.0,
  "max": 268946.0,
  "mean": 140649.51171875,
  "median": 140938.5,
  "var": 175544258.4907136,
  "std": 13249.3116232774
}