{
  "min": 265842.0,
  "max": 530325.0,
  "mean": 277899.912109375,
  "median": 270863.5,
  "var": 842740432.173998,
  "std": 29029.991942368808
}