{
  "min": 1070565.0,
  "max": 4629474.0,
  "mean": 3357649.6279296875,
  "median": 3357515.0,
  "var": 41024841132.60508,
  "std": 202545.89882938899
}