{
  "min": 955669849.0,
  "max": 979561799.0,
  "mean": 960358501.7001953,
  "median": 959876129.0,
  "var": 8337284172408.521,
  "std": 2887435.5702610095
}