{
  "min": 353362762.0,
  "max": 366395167.0,
  "mean": 354025736.296875,
  "median": 353860096.0,
  "var": 1634214469723.6536,
  "std": 1278363.9817061701
}