{
  "min": 394924112.0,
  "max": 403950805.0,
  "mean": 397223899.5859375,
  "median": 397158693.0,
  "var": 1867714813399.9607,
  "std": 1366643.6307245428
}