{
  "min": 290222307.0,
  "max": 301958399.0,
  "mean": 292328602.3828125,
  "median": 292289778.5,
  "var": 1541012841214.063,
  "std": 1241375.3828774209
}