{
  "min": 217616255.0,
  "max": 236669608.0,
  "mean": 218062632.4609375,
  "median": 217767459.0,
  "var": 5022014720096.417,
  "std": 2240985.211931667
}