{"mean":{"confidence_interval":{"confidence_level":0.95,"lower_bound":0.01191519090223589,"upper_bound":0.015634464927432035},"point_estimate":0.013906820277861831,"standard_error":0.0009551344686873864},"median":{"confidence_interval":{"confidence_level":0.95,"lower_bound":0.012856009286618342,"upper_bound":0.014659885244744807},"point_estimate":0.013647572444414502,"standard_error":0.00046918999249785556}}