{
  "min": 394612432.0,
  "max": 417968405.0,
  "mean": 397321092.9980469,
  "median": 397102751.5,
  "var": 5297997839593.723,
  "std": 2301738.0041163946
}