{
  "min": 42951.0,
  "max": 277778.0,
  "mean": 147244.689453125,
  "median": 151045.5,
  "var": 129423422.67644183,
  "std": 11376.441564761884
}