{
  "min": 4746788.0,
  "max": 4852214.0,
  "mean": 4777504.7421875,
  "median": 4769935.5,
  "var": 768608109.9370079,
  "std": 27723.78238871832
}