{
  "min": 131747.0,
  "max": 495830.0,
  "mean": 385409.072265625,
  "median": 384276.0,
  "var": 558848950.9266862,
  "std": 23639.986271711034
}