{
  "min": 128645.0,
  "max": 545987.0,
  "mean": 392986.869140625,
  "median": 386512.5,
  "var": 834477851.9198436,
  "std": 28887.330301013342
}