{
  "min": 911180.0,
  "max": 4150179.0,
  "mean": 3075743.791015625,
  "median": 3062960.0,
  "var": 46698460847.19453,
  "std": 216098.26664551135
}