{
  "min": 411952229.0,
  "max": 415415692.0,
  "mean": 413472405.2265625,
  "median": 413315642.0,
  "var": 627121426327.8503,
  "std": 791909.9862533938
}