{
  "min": 36467607.0,
  "max": 48669920.0,
  "mean": 36701607.1015625,
  "median": 36687775.0,
  "var": 148256158201.13782,
  "std": 385040.4630699711
}