{
  "min": 154206.0,
  "max": 739599.0,
  "mean": 536416.66796875,
  "median": 536218.5,
  "var": 842822185.2825024,
  "std": 29031.399988331643
}