{
  "min": 319164.0,
  "max": 2442951.0,
  "mean": 1264805.005859375,
  "median": 1061572.0,
  "var": 249989634630.07428,
  "std": 499989.6345226312
}