{
  "min": 5801831.0,
  "max": 10466132.0,
  "mean": 6242404.40625,
  "median": 6150813.0,
  "var": 302629453084.50397,
  "std": 550117.6720343602
}