{
  "min": 6270933.0,
  "max": 10335764.0,
  "mean": 7101753.921875,
  "median": 6865268.5,
  "var": 646844288895.2756,
  "std": 804266.304712112
}