{
  "min": 564445019.0,
  "max": 584336032.0,
  "mean": 565383174.6855469,
  "median": 565062517.5,
  "var": 4072678962271.4175,
  "std": 2018087.9471101891
}