{
  "min": 93302.0,
  "max": 1726410.0,
  "mean": 350364.708984375,
  "median": 301655.5,
  "var": 62887278499.02053,
  "std": 250773.36082411252
}