{
  "min": 322706.0,
  "max": 2511194.0,
  "mean": 1246843.3291015625,
  "median": 1060140.5,
  "var": 224496402076.08798,
  "std": 473810.51283829485
}