{
  "min": 189695834.0,
  "max": 208671173.0,
  "mean": 190423210.609375,
  "median": 190284906.0,
  "var": 2729503855541.7324,
  "std": 1652121.01722051
}