{
  "min": 36931985.0,
  "max": 39935410.0,
  "mean": 37559771.31152344,
  "median": 37560607.5,
  "var": 108941752984.58652,
  "std": 330063.2560352432
}