{"mean":{"confidence_interval":{"confidence_level":0.95,"lower_bound":0.03767926682357404,"upper_bound":0.04056611893570319},"point_estimate":0.039144209411347664,"standard_error":0.0007338050131762663},"median":{"confidence_interval":{"confidence_level":0.95,"lower_bound":0.03842613015221241,"upper_bound":0.03973083625257913},"point_estimate":0.039279349082714354,"standard_error":0.0003173877360615884}}