{
  "min": 770601.0,
  "max": 4252028.0,
  "mean": 2868065.48828125,
  "median": 2868640.5,
  "var": 33582755465.25904,
  "std": 183255.9834364462
}