{
  "min": 824288.0,
  "max": 4314900.0,
  "mean": 2884994.375,
  "median": 2882191.5,
  "var": 41789602589.48974,
  "std": 204425.0537226045
}