{
  "min": 375621.0,
  "max": 1499561.0,
  "mean": 1208773.8115234375,
  "median": 1209617.5,
  "var": 5277497780.744868,
  "std": 72646.38862837483
}