{
  "min": 123986456.0,
  "max": 134060527.0,
  "mean": 124211669.921875,
  "median": 124123698.0,
  "var": 783382500454.7401,
  "std": 885088.9788347498
}