{
  "min": 302516877.0,
  "max": 320978988.0,
  "mean": 302907243.71191406,
  "median": 302741404.5,
  "var": 1919323264109.912,
  "std": 1385396.428503377
}