{
  "min": 151834.0,
  "max": 513813.0,
  "mean": 402748.025390625,
  "median": 397481.5,
  "var": 501751805.1378299,
  "std": 22399.817078222535
}