{
  "min": 250640.0,
  "max": 2203931.0,
  "mean": 983702.205078125,
  "median": 982298.5,
  "var": 17143274435.192572,
  "std": 130932.32769332627
}