{
  "min": 126136.0,
  "max": 443771.0,
  "mean": 399487.287109375,
  "median": 394866.5,
  "var": 619377135.6070381,
  "std": 24887.288635105233
}