{
  "min": 124328.0,
  "max": 564509.0,
  "mean": 422182.546875,
  "median": 419693.5,
  "var": 600549443.1671554,
  "std": 24506.11032308382
}