{
  "min": 124529.0,
  "max": 559532.0,
  "mean": 423261.26953125,
  "median": 419304.5,
  "var": 929577865.9257087,
  "std": 30488.979417581504
}