{"mean":{"confidence_interval":{"confidence_level":0.95,"lower_bound":-0.0009040222418366716,"upper_bound":0.0006633483204869559},"point_estimate":-0.00010662997694832477,"standard_error":0.0003953510547748709},"median":{"confidence_interval":{"confidence_level":0.95,"lower_bound":-0.00020795005604101746,"upper_bound":0.0002104125604767512},"point_estimate":0.000018633563011460907,"standard_error":0.00009964887093773855}}