{
  "min": 7918803322.0,
  "max": 8054023652.0,
  "mean": 7952477046.186523,
  "median": 7952481379.0,
  "var": 111383492259169.88,
  "std": 10553837.797653036
}