{
  "min": 144363.0,
  "max": 1977531.0,
  "mean": 561347.9580078125,
  "median": 475738.5,
  "var": 109108199707.45454,
  "std": 330315.30347147794
}