{
  "min": 64718.0,
  "max": 391444.0,
  "mean": 220045.0673828125,
  "median": 218536.5,
  "var": 367436120.9814272,
  "std": 19168.623346015935
}