{
  "min": 10817146.0,
  "max": 16998924.0,
  "mean": 12366699.798828125,
  "median": 12210815.0,
  "var": 778128700793.2258,
  "std": 882116.0359007345
}