{"mean":{"confidence_interval":{"confidence_level":0.95,"lower_bound":0.0011391945333624645,"upper_bound":0.007947794544778435},"point_estimate":0.004409235006669565,"standard_error":0.0017300730569392157},"median":{"confidence_interval":{"confidence_level":0.95,"lower_bound":0.00014267920617316854,"upper_bound":0.008028992369155219},"point_estimate":0.0030776930663904967,"standard_error":0.0019009911192251123}}