{
  "min": 160070.0,
  "max": 2785368.0,
  "mean": 706363.9404296875,
  "median": 681493.0,
  "var": 44548771044.58944,
  "std": 211065.79790337762
}