{
  "min": 258174.0,
  "max": 1139144.0,
  "mean": 884196.986328125,
  "median": 917383.5,
  "var": 8979255494.57869,
  "std": 94758.93358717526
}