{
  "min": 553095738.0,
  "max": 572816613.0,
  "mean": 554446700.0234375,
  "median": 554030000.5,
  "var": 6455464920769.748,
  "std": 2540760.6972656334
}