{
  "min": 129634.0,
  "max": 525704.0,
  "mean": 389076.6279296875,
  "median": 385954.0,
  "var": 599312055.6608015,
  "std": 24480.850795280818
}