{
  "min": 1218166.0,
  "max": 1267213.0,
  "mean": 1224199.953125,
  "median": 1225798.5,
  "var": 17940775.01270772,
  "std": 4235.655204653433
}