{
  "min": 4705970.0,
  "max": 4794655.0,
  "mean": 4729167.2265625,
  "median": 4727602.0,
  "var": 296628112.62204725,
  "std": 17222.895012803372
}