{"mean":{"confidence_interval":{"confidence_level":0.95,"lower_bound":0.04188227573572674,"upper_bound":0.04465206854150298},"point_estimate":0.043220203969046356,"standard_error":0.0007109619291166742},"median":{"confidence_interval":{"confidence_level":0.95,"lower_bound":0.04294747124617371,"upper_bound":0.04433417114949201},"point_estimate":0.04361248242399651,"standard_error":0.00038363865774541207}}