{
  "min": 25241800827.0,
  "max": 28609063137.0,
  "mean": 25316209890.87793,
  "median": 25271330287.5,
  "var": 1.2279768978581757e17,
  "std": 350425013.07101005
}