{
  "min": 23147599335.0,
  "max": 23321688286.0,
  "mean": 23172507897.95215,
  "median": 23171521821.0,
  "var": 129990777187377.16,
  "std": 11401349.796729209
}