{
  "min": 8492.0,
  "max": 38828.0,
  "mean": 27031.5478515625,
  "median": 25127.5,
  "var": 23907492.852394916,
  "std": 4889.528898819897
}