{
  "min": 8056.0,
  "max": 45463.0,
  "mean": 26798.0234375,
  "median": 25065.0,
  "var": 23086115.61485826,
  "std": 4804.801308572318
}