{
  "min": 160141.0,
  "max": 3140932.0,
  "mean": 707033.212890625,
  "median": 669102.5,
  "var": 40716232669.38416,
  "std": 201782.63718512593
}