{
  "min": 129978.0,
  "max": 551113.0,
  "mean": 402823.724609375,
  "median": 394242.0,
  "var": 863338863.3079178,
  "std": 29382.62859765814
}