{
  "min": 128937.0,
  "max": 523228.0,
  "mean": 387951.109375,
  "median": 381387.5,
  "var": 581263178.1251222,
  "std": 24109.400202516907
}