{
  "min": 785076.0,
  "max": 4306163.0,
  "mean": 2778636.4521484375,
  "median": 2773922.0,
  "var": 43420368178.8045,
  "std": 208375.5460192114
}