{
  "min": 249699.0,
  "max": 503089.0,
  "mean": 262722.0166015625,
  "median": 254604.5,
  "var": 966280954.8895406,
  "std": 31085.059994948388
}