{
  "min": 322495686.0,
  "max": 342416125.0,
  "mean": 322949958.21191406,
  "median": 322704786.5,
  "var": 3534717762999.1826,
  "std": 1880084.5095365215
}