{
  "min": 31084624.0,
  "max": 41829018.0,
  "mean": 32972055.796875,
  "median": 32469989.5,
  "var": 2820023156853.9346,
  "std": 1679292.4572134344
}