{
  "min": 131554.0,
  "max": 559445.0,
  "mean": 397395.095703125,
  "median": 391881.5,
  "var": 470407072.83284456,
  "std": 21688.869791504687
}