{
  "min": 133125.0,
  "max": 548551.0,
  "mean": 401516.4130859375,
  "median": 392614.5,
  "var": 918219917.9257087,
  "std": 30302.14378432174
}