{
  "min": 4966063.0,
  "max": 5030269.0,
  "mean": 4977804.63671875,
  "median": 4974002.0,
  "var": 101918244.68230695,
  "std": 10095.456635650859
}