{
  "min": 252724.0,
  "max": 1762242.0,
  "mean": 941406.275390625,
  "median": 933046.5,
  "var": 26236406331.524925,
  "std": 161976.56105599023
}