{
  "min": 216637.0,
  "max": 3565891.0,
  "mean": 676536.7080078125,
  "median": 675158.5,
  "var": 24118867533.97654,
  "std": 155302.5033087894
}