{
  "min": 279094151.0,
  "max": 300674745.0,
  "mean": 280176329.6796875,
  "median": 279877802.5,
  "var": 3743809575066.0474,
  "std": 1934892.652078158
}