{
  "min": 2030342.0,
  "max": 2117177.0,
  "mean": 2042815.712890625,
  "median": 2043150.0,
  "var": 96012587.95894428,
  "std": 9798.601326666183
}