{
  "min": 4831830535.0,
  "max": 4889619420.0,
  "mean": 4844953507.990234,
  "median": 4842469250.0,
  "var": 65105468168007.09,
  "std": 8068795.955283979
}