{
  "min": 3616206.0,
  "max": 10544929.0,
  "mean": 5454166.9453125,
  "median": 5197336.0,
  "var": 2321966061597.0156,
  "std": 1523799.8758357398
}