{
  "min": 3546982.0,
  "max": 7764712.0,
  "mean": 3947640.140625,
  "median": 3827662.0,
  "var": 294054854275.5906,
  "std": 542268.2493707248
}