{
  "min": 68258.0,
  "max": 354036.0,
  "mean": 228484.78125,
  "median": 228514.5,
  "var": 133530380.50635386,
  "std": 11555.534626591443
}