{
  "min": 287986710.0,
  "max": 289883126.0,
  "mean": 288823647.2265625,
  "median": 288829580.5,
  "var": 163787948434.17322,
  "std": 404707.2379315364
}