{
  "min": 322717023.0,
  "max": 343128176.0,
  "mean": 323675712.2705078,
  "median": 323497693.0,
  "var": 2648670816733.1914,
  "std": 1627473.7530089975
}