{
  "min": 12257.0,
  "max": 57343.0,
  "mean": 43899.3251953125,
  "median": 41833.5,
  "var": 38156651.11045943,
  "std": 6177.107017889477
}