{
  "min": 1307462169.0,
  "max": 1329364497.0,
  "mean": 1311582896.765625,
  "median": 1311014177.0,
  "var": 16313935022469.086,
  "std": 4039051.2527658134
}