{
  "min": 415604.0,
  "max": 639372.0,
  "mean": 430169.1396484375,
  "median": 422027.0,
  "var": 781028257.451613,
  "std": 27946.88278594972
}