{
  "min": 9088526599.0,
  "max": 9438809872.0,
  "mean": 9114674434.874023,
  "median": 9108510126.5,
  "var": 785861520548425.1,
  "std": 28033221.729733903
}