{
  "min": 997610.0,
  "max": 5354207.0,
  "mean": 3358049.767578125,
  "median": 3360751.5,
  "var": 43442625722.62561,
  "std": 208428.94646047993
}