{
  "min": 955942.0,
  "max": 4521384.0,
  "mean": 3392782.130859375,
  "median": 3379593.0,
  "var": 33609919397.008797,
  "std": 183330.08317515376
}