{
  "min": 408907.0,
  "max": 1358743.0,
  "mean": 1194645.923828125,
  "median": 1195515.0,
  "var": 4729849894.82698,
  "std": 68773.90417030998
}