{
  "min": 1246476.0,
  "max": 7487258.0,
  "mean": 4174374.5908203125,
  "median": 4156802.0,
  "var": 81919773540.3607,
  "std": 286216.3055109906
}