{
  "min": 7788.0,
  "max": 39399.0,
  "mean": 25927.0849609375,
  "median": 23864.0,
  "var": 29567675.346041057,
  "std": 5437.616697234282
}