{
  "min": 373652692.0,
  "max": 395520742.0,
  "mean": 375398224.8359375,
  "median": 375252165.5,
  "var": 3844851271656.3467,
  "std": 1960829.230620644
}