{
  "min": 123098.0,
  "max": 586738.0,
  "mean": 425175.6376953125,
  "median": 419403.0,
  "var": 1190996311.5513196,
  "std": 34510.81441448926
}