{
  "min": 124240.0,
  "max": 645771.0,
  "mean": 422261.697265625,
  "median": 420468.0,
  "var": 759350712.4633431,
  "std": 27556.31892077284
}