{
  "min": 260969.0,
  "max": 3035875.0,
  "mean": 693495.515625,
  "median": 663435.5,
  "var": 62528327852.095795,
  "std": 250056.6492859084
}