{
  "min": 23362.0,
  "max": 202150.0,
  "mean": 79127.16796875,
  "median": 77508.0,
  "var": 65789265.90029325,
  "std": 8111.058247867121
}