{
  "min": 190842140.0,
  "max": 191904516.0,
  "mean": 191356656.5703125,
  "median": 191378867.5,
  "var": 56379300708.062996,
  "std": 237443.25787030256
}