{
  "min": 2923731.0,
  "max": 10974474.0,
  "mean": 5669645.83203125,
  "median": 5260523.5,
  "var": 4887719380235.184,
  "std": 2210818.7126571876
}