{
  "min": 36693809411.0,
  "max": 37654326267.0,
  "mean": 36800286910.456055,
  "median": 36748546056.5,
  "var": 1.925936326945358e16,
  "std": 138778108.0338451
}