{
  "min": 139951.0,
  "max": 523743.0,
  "mean": 400569.560546875,
  "median": 394718.0,
  "var": 562491706.3225807,
  "std": 23716.907604546184
}