{
  "min": 2690102853.0,
  "max": 2716925851.0,
  "mean": 2696433784.90625,
  "median": 2695251355.0,
  "var": 31497603518507.14,
  "std": 5612272.5805601375
}