{
  "min": 163867.0,
  "max": 3334469.0,
  "mean": 648157.6708984375,
  "median": 642638.0,
  "var": 49342273328.74389,
  "std": 222131.20746249027
}