{
  "min": 246316.0,
  "max": 3202110.0,
  "mean": 992781.2431640625,
  "median": 985041.0,
  "var": 31451654893.60606,
  "std": 177346.1442873965
}