{
  "min": 189537913.0,
  "max": 208987089.0,
  "mean": 190196558.79589844,
  "median": 190096517.0,
  "var": 1717506884481.5728,
  "std": 1310536.8687990326
}