{
  "min": 2865903798.0,
  "max": 2895121916.0,
  "mean": 2875596109.5097656,
  "median": 2875190823.0,
  "var": 25734181172548.363,
  "std": 5072886.867706431
}