{
  "min": 128327.0,
  "max": 511794.0,
  "mean": 385939.068359375,
  "median": 383351.0,
  "var": 484621387.3822092,
  "std": 22014.1179106093
}