{
  "min": 837432.0,
  "max": 4198893.0,
  "mean": 2563010.9072265625,
  "median": 2553088.5,
  "var": 56775471909.04008,
  "std": 238276.04140794365
}