{
  "min": 273089923.0,
  "max": 278802762.0,
  "mean": 276334137.9921875,
  "median": 276584844.0,
  "var": 1335366466843.315,
  "std": 1155580.5756602674
}