{
  "min": 300201.0,
  "max": 3120766.0,
  "mean": 990901.564453125,
  "median": 972116.0,
  "var": 35691596439.32942,
  "std": 188922.19678833248
}