{
  "min": 122829312.0,
  "max": 124961613.0,
  "mean": 123334885.734375,
  "median": 123320288.0,
  "var": 77982574227.6063,
  "std": 279253.60199575993
}