{
  "min": 382454.0,
  "max": 1400295.0,
  "mean": 1191814.8125,
  "median": 1189476.5,
  "var": 4233963527.9178886,
  "std": 65068.91368324731
}