{
  "min": 273236737.0,
  "max": 297046884.0,
  "mean": 276047318.8183594,
  "median": 275865488.0,
  "var": 2956885611850.008,
  "std": 1719559.7145345106
}