{
  "min": 380479.0,
  "max": 1424281.0,
  "mean": 1204279.15625,
  "median": 1208587.0,
  "var": 6626624719.47605,
  "std": 81404.0829410666
}