{
  "min": 13278656744.0,
  "max": 13306795368.0,
  "mean": 13288601286.09375,
  "median": 13288759663.5,
  "var": 56197641112002.49,
  "std": 7496508.5948061505
}