{"mean":{"confidence_interval":{"confidence_level":0.95,"lower_bound":-0.007377513032757119,"upper_bound":-0.004908864522981975},"point_estimate":-0.006155648419810533,"standard_error":0.0006236229054080076},"median":{"confidence_interval":{"confidence_level":0.95,"lower_bound":-0.006175579391428765,"upper_bound":-0.0051392759865300786},"point_estimate":-0.005734977517475648,"standard_error":0.00024396640015279523}}