{
  "min": 862255.0,
  "max": 4218942.0,
  "mean": 3054210.2724609375,
  "median": 3050379.5,
  "var": 46487195606.59824,
  "std": 215608.89500806373
}