{
  "min": 86655.0,
  "max": 823983.0,
  "mean": 95787.712890625,
  "median": 89240.5,
  "var": 2082491501.4506354,
  "std": 45634.323720754706
}