{
  "min": 358095001.0,
  "max": 375333779.0,
  "mean": 358979740.515625,
  "median": 358704523.5,
  "var": 3372468719952.5356,
  "std": 1836428.2506955003
}