{
  "min": 304488294.0,
  "max": 318568601.0,
  "mean": 305050464.5703125,
  "median": 304851901.5,
  "var": 2655055438117.7954,
  "std": 1629434.0852325987
}