{
  "min": 5564951.0,
  "max": 12173868.0,
  "mean": 7422203.310546875,
  "median": 7012307.0,
  "var": 2309758947390.4614,
  "std": 1519789.1128016615
}