{
  "min": 2515225753.0,
  "max": 2552164364.0,
  "mean": 2526628503.8251953,
  "median": 2526052846.5,
  "var": 37809531717805.05,
  "std": 6148945.577723472
}