{
  "min": 1131345.0,
  "max": 7494190.0,
  "mean": 3759408.9638671875,
  "median": 3755345.0,
  "var": 63505499977.52395,
  "std": 252002.97612830676
}