{
  "min": 243016.0,
  "max": 1210259.0,
  "mean": 928429.8857421875,
  "median": 940210.5,
  "var": 12214296131.865103,
  "std": 110518.30677252119
}