{
  "min": 159643.0,
  "max": 2149772.0,
  "mean": 668629.8408203125,
  "median": 679530.5,
  "var": 18071813187.33138,
  "std": 134431.44419119874
}