{
  "min": 270416792.0,
  "max": 288055370.0,
  "mean": 272359484.9453125,
  "median": 272399008.5,
  "var": 2664260293914.378,
  "std": 1632256.1973888713
}