{
  "min": 11512642478.0,
  "max": 11641812910.0,
  "mean": 11551690296.13379,
  "median": 11551977909.0,
  "var": 170830512818460.9,
  "std": 13070214.719676984
}