{
  "min": 4744309.0,
  "max": 5048886.0,
  "mean": 4754587.7041015625,
  "median": 4750346.0,
  "var": 197430337.08406648,
  "std": 14050.990608639182
}