{
  "min": 5624211.0,
  "max": 11704440.0,
  "mean": 7615915.484375,
  "median": 7191004.5,
  "var": 2770376041954.2046,
  "std": 1664444.6647318152
}