{
  "min": 5638984.0,
  "max": 9724392.0,
  "mean": 6264333.3125,
  "median": 6049407.0,
  "var": 526952465776.01575,
  "std": 725914.91634765
}