{
  "min": 2541591166.0,
  "max": 2626409886.0,
  "mean": 2575863221.350586,
  "median": 2573793704.5,
  "var": 232329346772878.53,
  "std": 15242353.714990297
}