{
  "min": 84424819.0,
  "max": 104717875.0,
  "mean": 84658415.60449219,
  "median": 84587295.0,
  "var": 1167115603443.2268,
  "std": 1080331.2470919401
}