{
  "min": 2865336953.0,
  "max": 2894553928.0,
  "mean": 2872064452.296875,
  "median": 2871311302.5,
  "var": 31651807236987.844,
  "std": 5625993.888815366
}