{
  "min": 49710.0,
  "max": 290998.0,
  "mean": 162631.318359375,
  "median": 162840.0,
  "var": 217527542.56109482,
  "std": 14748.814954466505
}