{
  "min": 6607290.0,
  "max": 12266278.0,
  "mean": 7615111.078125,
  "median": 7117865.5,
  "var": 1651268682604.4568,
  "std": 1285016.9970099449
}