{
  "min": 137860.0,
  "max": 575460.0,
  "mean": 147609.5830078125,
  "median": 140912.5,
  "var": 1309300815.5327468,
  "std": 36184.26198684653
}