{
  "min": 173672.0,
  "max": 1838551.0,
  "mean": 658124.1923828125,
  "median": 654980.5,
  "var": 29261109202.895405,
  "std": 171058.78873327558
}