{
  "min": 868282.0,
  "max": 4403249.0,
  "mean": 2635815.015625,
  "median": 3138735.5,
  "var": 986413245093.2599,
  "std": 993183.3894569824
}