{
  "min": 866098.0,
  "max": 1230160.0,
  "mean": 908227.5078125,
  "median": 899074.0,
  "var": 2552357868.6220474,
  "std": 50520.86567569926
}