{
  "min": 1096072956.0,
  "max": 1140347693.0,
  "mean": 1103546953.8203125,
  "median": 1097904380.0,
  "var": 188713026397560.78,
  "std": 13737285.99096491
}