{
  "min": 2907607500.0,
  "max": 2930487351.0,
  "mean": 2912433725.7578125,
  "median": 2910469980.0,
  "var": 32093165316234.89,
  "std": 5665082.992881471
}