{
  "min": 3982654.0,
  "max": 4337963.0,
  "mean": 4092852.0810546875,
  "median": 4081120.5,
  "var": 3197392560.7350926,
  "std": 56545.49107342771
}