{
  "min": 302406174.0,
  "max": 315503785.0,
  "mean": 302983429.0078125,
  "median": 302803923.0,
  "var": 2268615261154.134,
  "std": 1506192.3055022336
}