{
  "min": 568680163.0,
  "max": 588841080.0,
  "mean": 569978818.5869141,
  "median": 569676605.0,
  "var": 4507353119198.038,
  "std": 2123052.7829514835
}