{
  "min": 125593.0,
  "max": 616968.0,
  "mean": 134426.544921875,
  "median": 128638.0,
  "var": 1201664614.801564,
  "std": 34665.03446993186
}