{
  "min": 4330581.0,
  "max": 6736852.0,
  "mean": 4828296.5595703125,
  "median": 4855453.0,
  "var": 38839265171.28739,
  "std": 197076.8001853272
}