{
  "min": 284466650.0,
  "max": 303206532.0,
  "mean": 285087672.2578125,
  "median": 284869931.5,
  "var": 4247085672038.2676,
  "std": 2060845.863241176
}