{
  "min": 131759.0,
  "max": 528405.0,
  "mean": 397957.6484375,
  "median": 394026.5,
  "var": 746149463.1202346,
  "std": 27315.73654727682
}