{
  "min": 133312.0,
  "max": 505201.0,
  "mean": 398163.279296875,
  "median": 394897.0,
  "var": 706789339.2922776,
  "std": 26585.50994982563
}