{
  "min": 286003192.0,
  "max": 291290377.0,
  "mean": 286973393.421875,
  "median": 286891947.0,
  "var": 305269789833.0551,
  "std": 552512.2531067118
}