{
  "min": 362406140.0,
  "max": 381616027.0,
  "mean": 363089276.7890625,
  "median": 362944860.0,
  "var": 2810415652988.26,
  "std": 1676429.4357318652
}