{
  "min": 3591210.0,
  "max": 11218666.0,
  "mean": 5713868.58203125,
  "median": 5406819.0,
  "var": 2859254141883.206,
  "std": 1690932.9205746767
}